<?xml version="1.0" encoding="utf-8"?>
<modification>
  <name>Canonical Manufacturer Bug Fix</name>
  <code>canonical-manufacturer</code>
  <version>3.0.0.0</version>
  <author>Dmitriy Khokhlov | optimlab.com</author>
  <link>http://optimlab.com</link>
	
  <file path="catalog/controller/product/manufacturer.php">
	<operation error="skip">
      <search><![CDATA['&page='. (($page - 2)]]></search>
      <add position="replace"><![CDATA[(($page - 2)]]></add>
    </operation>
  </file>
</modification>