<?xml version="1.0" encoding="utf-8"?>
<modification>
  <name>Installer</name>
  <code>installer</code>
  <version>3.0.0.0</version>
  <author>Dmitriy Khokhlov | optimlab.com</author>
  <link>http://optimlab.com</link>

  <file path="admin/controller/marketplace/install.php">
      <operation error="skip">
        <search><![CDATA['image/catalog/']]></search>
        <add position="replace"><![CDATA[
					'image/',
					'admin/',
					'catalog/',
					'system/'
        ]]></add>
      </operation>
  </file>
</modification>