<?xml version="1.0" encoding="utf-8"?>
<modification>
  <name>Breadcrumb Last</name>
  <code>breadcrumb-last</code>
  <version>3.0.0.0</version>
  <author>Dmitriy Khokhlov | optimlab.com</author>
  <link>http://optimlab.com</link>
	
  <file path="catalog/view/theme/*/template/*/*.twig">
    <operation error="skip">
      <search><![CDATA[
    {% for breadcrumb in breadcrumbs %}
      ]]></search>
      <add position="before"><![CDATA[
    {% set breadcrumb_last = breadcrumbs|last %}
      ]]></add>
    </operation>
    <operation error="skip">
      <search><![CDATA[
    <li><a href="{{ breadcrumb.href }}">{{ breadcrumb.text }}</a></li>
      ]]></search>
      <add position="replace"><![CDATA[
    {% if breadcrumb.href != breadcrumb_last.href %}
    <li><a href="{{ breadcrumb.href }}">{{ breadcrumb.text }}</a></li>
    {% else %}
    <li>{{ breadcrumb.text }}</li>
    {% endif %}
      ]]></add>
    </operation>
  </file>
</modification>